CREATE INDEX "idx_system$filedocument___uuid___asc" ON "system$filedocument" ("__uuid__" ASC,"id" ASC);
INSERT INTO "mendixsystem$index" ("id", 
"table_id", 
"index_name")
 VALUES ('17f7461b-5b7c-494d-8fde-b531299c42b0', 
'170ce49d-f29c-4fac-99a6-b55e8a3aeb39', 
'idx_system$filedocument___uuid___asc');
INSERT INTO "mendixsystem$index_column" ("index_id", 
"column_id", 
"sort_order", 
"ordinal")
 VALUES ('17f7461b-5b7c-494d-8fde-b531299c42b0', 
'96445370-6fed-11e4-9803-0800200c9a66', 
false, 
0);
ALTER TABLE "system$session" ADD "longlived" BOOLEAN NULL;
UPDATE "system$session"
 SET "longlived" = false;
ALTER TABLE "system$session" ADD "lastactionexecution" TIMESTAMP NULL;
INSERT INTO "mendixsystem$attribute" ("id", 
"entity_id", 
"attribute_name", 
"column_name", 
"type", 
"length", 
"default_value", 
"is_auto_number")
 VALUES ('8b42eee4-92e5-4472-9f12-3a4e73291f2b', 
'37f9fd49-5318-4c63-9a51-f761779b202f', 
'LastActionExecution', 
'lastactionexecution', 
20, 
0, 
'', 
false);
INSERT INTO "mendixsystem$attribute" ("id", 
"entity_id", 
"attribute_name", 
"column_name", 
"type", 
"length", 
"default_value", 
"is_auto_number")
 VALUES ('875dc581-177c-457a-8406-814676ccdb05', 
'37f9fd49-5318-4c63-9a51-f761779b202f', 
'LongLived', 
'longlived', 
10, 
0, 
'false', 
false);
CREATE TABLE "system$workflowversion" (
	"id" BIGINT NOT NULL,
	"versionhash" VARCHAR_IGNORECASE(200) NULL,
	"createddate" TIMESTAMP NULL,
	"modeljson" VARCHAR_IGNORECASE(2147483647) NULL,
	PRIMARY KEY("id"));
INSERT INTO "mendixsystem$entity" ("id", 
"entity_name", 
"table_name", 
"remote", 
"remote_primary_key")
 VALUES ('06501a2e-a29e-4e42-bb99-3b45be716079', 
'System.WorkflowVersion', 
'system$workflowversion', 
false, 
false);
INSERT INTO "mendixsystem$attribute" ("id", 
"entity_id", 
"attribute_name", 
"column_name", 
"type", 
"length", 
"default_value", 
"is_auto_number")
 VALUES ('d16c5229-4669-43dd-80a9-6b9693876841', 
'06501a2e-a29e-4e42-bb99-3b45be716079', 
'VersionHash', 
'versionhash', 
30, 
200, 
'', 
false);
INSERT INTO "mendixsystem$attribute" ("id", 
"entity_id", 
"attribute_name", 
"column_name", 
"type", 
"length", 
"default_value", 
"is_auto_number")
 VALUES ('1ea2aac2-c13e-3dbe-b0df-eb74de5ac69e', 
'06501a2e-a29e-4e42-bb99-3b45be716079', 
'createdDate', 
'createddate', 
20, 
0, 
'', 
false);
INSERT INTO "mendixsystem$attribute" ("id", 
"entity_id", 
"attribute_name", 
"column_name", 
"type", 
"length", 
"default_value", 
"is_auto_number")
 VALUES ('8719140a-3aea-4fbd-bb29-2ff0c2cf2b5a', 
'06501a2e-a29e-4e42-bb99-3b45be716079', 
'ModelJSON', 
'modeljson', 
30, 
0, 
'', 
false);
CREATE TABLE "system$workflowversion_taskdefinition" (
	"system$workflowversionid" BIGINT NOT NULL,
	"system$workflowtaskdefinitionid" BIGINT NOT NULL,
	PRIMARY KEY("system$workflowversionid","system$workflowtaskdefinitionid"));
CREATE INDEX "idx_system$workflowversion_taskdefinition_system$workflowtaskdefinition_system$workflowversion" ON "system$workflowversion_taskdefinition" ("system$workflowtaskdefinitionid" ASC,"system$workflowversionid" ASC);
INSERT INTO "mendixsystem$association" ("id", 
"association_name", 
"table_name", 
"parent_entity_id", 
"child_entity_id", 
"parent_column_name", 
"child_column_name", 
"index_name")
 VALUES ('3ffcbf28-6f71-4d2c-9e06-30590e5c1834', 
'System.WorkflowVersion_TaskDefinition', 
'system$workflowversion_taskdefinition', 
'06501a2e-a29e-4e42-bb99-3b45be716079', 
'8d213f93-202b-42f7-9ee8-149e6f49ebb4', 
'system$workflowversionid', 
'system$workflowtaskdefinitionid', 
'idx_system$workflowversion_taskdefinition_system$workflowtaskdefinition_system$workflowversion');
CREATE TABLE "system$workflowversion_previousversion" (
	"system$workflowversionid1" BIGINT NOT NULL,
	"system$workflowversionid2" BIGINT NOT NULL,
	PRIMARY KEY("system$workflowversionid1","system$workflowversionid2"),
	CONSTRAINT "uniq_system$workflowversion_previousversion_system$workflowversionid1" UNIQUE ("system$workflowversionid1"));
CREATE INDEX "idx_system$workflowversion_previousversion_system$workflowversion_system$workflowversion" ON "system$workflowversion_previousversion" ("system$workflowversionid2" ASC,"system$workflowversionid1" ASC);
INSERT INTO "mendixsystem$association" ("id", 
"association_name", 
"table_name", 
"parent_entity_id", 
"child_entity_id", 
"parent_column_name", 
"child_column_name", 
"index_name")
 VALUES ('17aa315b-1576-4dd5-9b90-2c286717e27b', 
'System.WorkflowVersion_PreviousVersion', 
'system$workflowversion_previousversion', 
'06501a2e-a29e-4e42-bb99-3b45be716079', 
'06501a2e-a29e-4e42-bb99-3b45be716079', 
'system$workflowversionid1', 
'system$workflowversionid2', 
'idx_system$workflowversion_previousversion_system$workflowversion_system$workflowversion');
INSERT INTO "mendixsystem$unique_constraint" ("name", 
"table_id", 
"column_id")
 VALUES ('uniq_system$workflowversion_previousversion_system$workflowversionid1', 
'17aa315b-1576-4dd5-9b90-2c286717e27b', 
'e6d0b87d-234f-3989-9d8d-783ab9b86811');
CREATE TABLE "system$workflowversion_workflowdefinition" (
	"system$workflowversionid" BIGINT NOT NULL,
	"system$workflowdefinitionid" BIGINT NOT NULL,
	PRIMARY KEY("system$workflowversionid","system$workflowdefinitionid"),
	CONSTRAINT "uniq_system$workflowversion_workflowdefinition_system$workflowversionid" UNIQUE ("system$workflowversionid"));
CREATE INDEX "idx_system$workflowversion_workflowdefinition_system$workflowdefinition_system$workflowversion" ON "system$workflowversion_workflowdefinition" ("system$workflowdefinitionid" ASC,"system$workflowversionid" ASC);
INSERT INTO "mendixsystem$association" ("id", 
"association_name", 
"table_name", 
"parent_entity_id", 
"child_entity_id", 
"parent_column_name", 
"child_column_name", 
"index_name")
 VALUES ('e5a8cc4f-8434-4454-8c8c-b06682938883', 
'System.WorkflowVersion_WorkflowDefinition', 
'system$workflowversion_workflowdefinition', 
'06501a2e-a29e-4e42-bb99-3b45be716079', 
'02d51bf5-6fad-4d53-868d-9366732968c1', 
'system$workflowversionid', 
'system$workflowdefinitionid', 
'idx_system$workflowversion_workflowdefinition_system$workflowdefinition_system$workflowversion');
INSERT INTO "mendixsystem$unique_constraint" ("name", 
"table_id", 
"column_id")
 VALUES ('uniq_system$workflowversion_workflowdefinition_system$workflowversionid', 
'e5a8cc4f-8434-4454-8c8c-b06682938883', 
'63553733-e516-3ff2-9023-3fc64430802e');
CREATE TABLE "system$workflowtaskinstance" (
	"id" BIGINT NOT NULL,
	"endtime" TIMESTAMP NULL,
	"outcome" VARCHAR_IGNORECASE(200) NULL,
	"state" VARCHAR_IGNORECASE(11) NULL,
	"starttime" TIMESTAMP NULL,
	"outcomemodelguid" VARCHAR_IGNORECASE(36) NULL,
	"reason" VARCHAR_IGNORECASE(2147483647) NULL,
	"submetaobjectname" VARCHAR_IGNORECASE(255) NULL,
	PRIMARY KEY("id"));
CREATE INDEX "idx_system$workflowtaskinstance_submetaobjectname_asc" ON "system$workflowtaskinstance" ("submetaobjectname" ASC,"id" ASC);
INSERT INTO "mendixsystem$entity" ("id", 
"entity_name", 
"table_name", 
"remote", 
"remote_primary_key")
 VALUES ('7f3cb3af-a16f-4cfd-b738-b2f3a8535ecb', 
'System.WorkflowTaskInstance', 
'system$workflowtaskinstance', 
false, 
false);
INSERT INTO "mendixsystem$attribute" ("id", 
"entity_id", 
"attribute_name", 
"column_name", 
"type", 
"length", 
"default_value", 
"is_auto_number")
 VALUES ('35c604bc-96b6-11ea-bb37-0242ac130002', 
'7f3cb3af-a16f-4cfd-b738-b2f3a8535ecb', 
'EndTime', 
'endtime', 
20, 
0, 
'', 
false);
INSERT INTO "mendixsystem$attribute" ("id", 
"entity_id", 
"attribute_name", 
"column_name", 
"type", 
"length", 
"default_value", 
"is_auto_number")
 VALUES ('3ba80027-4de3-4dfb-b9d3-00cdfd2729db', 
'7f3cb3af-a16f-4cfd-b738-b2f3a8535ecb', 
'Outcome', 
'outcome', 
30, 
200, 
'', 
false);
INSERT INTO "mendixsystem$attribute" ("id", 
"entity_id", 
"attribute_name", 
"column_name", 
"type", 
"length", 
"default_value", 
"is_auto_number")
 VALUES ('2a7a7c9b-0f44-4204-a4d5-146189e4dfe9', 
'7f3cb3af-a16f-4cfd-b738-b2f3a8535ecb', 
'State', 
'state', 
40, 
11, 
'Initialized', 
false);
INSERT INTO "mendixsystem$attribute" ("id", 
"entity_id", 
"attribute_name", 
"column_name", 
"type", 
"length", 
"default_value", 
"is_auto_number")
 VALUES ('35c600f2-96b6-11ea-bb37-0242ac130002', 
'7f3cb3af-a16f-4cfd-b738-b2f3a8535ecb', 
'StartTime', 
'starttime', 
20, 
0, 
'', 
false);
INSERT INTO "mendixsystem$attribute" ("id", 
"entity_id", 
"attribute_name", 
"column_name", 
"type", 
"length", 
"default_value", 
"is_auto_number")
 VALUES ('bc2833b0-782e-4ba8-a9fc-e24e7d68b1c7', 
'7f3cb3af-a16f-4cfd-b738-b2f3a8535ecb', 
'OutcomeModelGUID', 
'outcomemodelguid', 
30, 
36, 
'', 
false);
INSERT INTO "mendixsystem$attribute" ("id", 
"entity_id", 
"attribute_name", 
"column_name", 
"type", 
"length", 
"default_value", 
"is_auto_number")
 VALUES ('6d387a96-96bc-11ea-bb37-0242ac130002', 
'7f3cb3af-a16f-4cfd-b738-b2f3a8535ecb', 
'Reason', 
'reason', 
30, 
0, 
'', 
false);
INSERT INTO "mendixsystem$attribute" ("id", 
"entity_id", 
"attribute_name", 
"column_name", 
"type", 
"length", 
"default_value", 
"is_auto_number")
 VALUES ('1b3c6b76-a4f3-31b9-8d16-4605c49a86cd', 
'7f3cb3af-a16f-4cfd-b738-b2f3a8535ecb', 
'submetaobjectname', 
'submetaobjectname', 
30, 
255, 
'System.WorkflowTaskInstance', 
false);
INSERT INTO "mendixsystem$index" ("id", 
"table_id", 
"index_name")
 VALUES ('95714520-72f9-3b67-be29-9a0b26275af7', 
'7f3cb3af-a16f-4cfd-b738-b2f3a8535ecb', 
'idx_system$workflowtaskinstance_submetaobjectname_asc');
INSERT INTO "mendixsystem$index_column" ("index_id", 
"column_id", 
"sort_order", 
"ordinal")
 VALUES ('95714520-72f9-3b67-be29-9a0b26275af7', 
'1b3c6b76-a4f3-31b9-8d16-4605c49a86cd', 
false, 
0);
CREATE TABLE "system$taskinstance_workflowinstance" (
	"system$workflowtaskinstanceid" BIGINT NOT NULL,
	"system$workflowinstanceid" BIGINT NOT NULL,
	PRIMARY KEY("system$workflowtaskinstanceid","system$workflowinstanceid"),
	CONSTRAINT "uniq_system$taskinstance_workflowinstance_system$workflowtaskinstanceid" UNIQUE ("system$workflowtaskinstanceid"));
CREATE INDEX "idx_system$taskinstance_workflowinstance_system$workflowinstance_system$workflowtaskinstance" ON "system$taskinstance_workflowinstance" ("system$workflowinstanceid" ASC,"system$workflowtaskinstanceid" ASC);
INSERT INTO "mendixsystem$association" ("id", 
"association_name", 
"table_name", 
"parent_entity_id", 
"child_entity_id", 
"parent_column_name", 
"child_column_name", 
"index_name")
 VALUES ('3947e77c-80c2-11ea-bc55-0242ac130003', 
'System.TaskInstance_WorkflowInstance', 
'system$taskinstance_workflowinstance', 
'7f3cb3af-a16f-4cfd-b738-b2f3a8535ecb', 
'0bdec1c4-0500-467e-a6f7-5ad52fda4db4', 
'system$workflowtaskinstanceid', 
'system$workflowinstanceid', 
'idx_system$taskinstance_workflowinstance_system$workflowinstance_system$workflowtaskinstance');
INSERT INTO "mendixsystem$unique_constraint" ("name", 
"table_id", 
"column_id")
 VALUES ('uniq_system$taskinstance_workflowinstance_system$workflowtaskinstanceid', 
'3947e77c-80c2-11ea-bc55-0242ac130003', 
'23783d5d-1141-32bc-97c7-414081c4c729');
CREATE TABLE "system$taskinstance_taskdefinition" (
	"system$workflowtaskinstanceid" BIGINT NOT NULL,
	"system$workflowtaskdefinitionid" BIGINT NOT NULL,
	PRIMARY KEY("system$workflowtaskinstanceid","system$workflowtaskdefinitionid"),
	CONSTRAINT "uniq_system$taskinstance_taskdefinition_system$workflowtaskinstanceid" UNIQUE ("system$workflowtaskinstanceid"));
CREATE INDEX "idx_system$taskinstance_taskdefinition_system$workflowtaskdefinition_system$workflowtaskinstance" ON "system$taskinstance_taskdefinition" ("system$workflowtaskdefinitionid" ASC,"system$workflowtaskinstanceid" ASC);
INSERT INTO "mendixsystem$association" ("id", 
"association_name", 
"table_name", 
"parent_entity_id", 
"child_entity_id", 
"parent_column_name", 
"child_column_name", 
"index_name")
 VALUES ('e76fecd3-ce21-48cc-b170-626bcdfb2e65', 
'System.TaskInstance_TaskDefinition', 
'system$taskinstance_taskdefinition', 
'7f3cb3af-a16f-4cfd-b738-b2f3a8535ecb', 
'8d213f93-202b-42f7-9ee8-149e6f49ebb4', 
'system$workflowtaskinstanceid', 
'system$workflowtaskdefinitionid', 
'idx_system$taskinstance_taskdefinition_system$workflowtaskdefinition_system$workflowtaskinstance');
INSERT INTO "mendixsystem$unique_constraint" ("name", 
"table_id", 
"column_id")
 VALUES ('uniq_system$taskinstance_taskdefinition_system$workflowtaskinstanceid', 
'e76fecd3-ce21-48cc-b170-626bcdfb2e65', 
'fe65c820-b4b5-3841-876a-07bea1feab3f');
CREATE TABLE "system$synchronizationerrorfile" (
	"id" BIGINT NOT NULL,
	PRIMARY KEY("id"));
INSERT INTO "mendixsystem$entity" ("id", 
"entity_name", 
"table_name", 
"superentity_id", 
"remote", 
"remote_primary_key")
 VALUES ('9b26443c-f4bb-4252-aa62-9eaffb71c4db', 
'System.SynchronizationErrorFile', 
'system$synchronizationerrorfile', 
'170ce49d-f29c-4fac-99a6-b55e8a3aeb39', 
false, 
false);
CREATE TABLE "system$synchronizationerrorfile_synchronizationerror" (
	"system$synchronizationerrorfileid" BIGINT NOT NULL,
	"system$synchronizationerrorid" BIGINT NOT NULL,
	PRIMARY KEY("system$synchronizationerrorfileid","system$synchronizationerrorid"),
	CONSTRAINT "uniq_system$synchronizationerrorfile_synchronizationerror_system$synchronizationerrorfileid" UNIQUE ("system$synchronizationerrorfileid"));
CREATE INDEX "idx_system$synchronizationerrorfile_synchronizationerror_system$synchronizationerror_system$synchronizationerrorfile" ON "system$synchronizationerrorfile_synchronizationerror" ("system$synchronizationerrorid" ASC,"system$synchronizationerrorfileid" ASC);
INSERT INTO "mendixsystem$association" ("id", 
"association_name", 
"table_name", 
"parent_entity_id", 
"child_entity_id", 
"parent_column_name", 
"child_column_name", 
"index_name")
 VALUES ('6440aa38-83ff-4ba6-8c85-5ff785956b09', 
'System.SynchronizationErrorFile_SynchronizationError', 
'system$synchronizationerrorfile_synchronizationerror', 
'9b26443c-f4bb-4252-aa62-9eaffb71c4db', 
'f9818ad8-3214-4b1d-b837-3181863f5ed5', 
'system$synchronizationerrorfileid', 
'system$synchronizationerrorid', 
'idx_system$synchronizationerrorfile_synchronizationerror_system$synchronizationerror_system$synchronizationerrorfile');
INSERT INTO "mendixsystem$unique_constraint" ("name", 
"table_id", 
"column_id")
 VALUES ('uniq_system$synchronizationerrorfile_synchronizationerror_system$synchronizationerrorfileid', 
'6440aa38-83ff-4ba6-8c85-5ff785956b09', 
'1e2455b8-3c89-380e-983f-14ead6e94b4c');
CREATE TABLE "system$workflowdefinition" (
	"id" BIGINT NOT NULL,
	"modelguid" VARCHAR_IGNORECASE(36) NULL,
	"title" VARCHAR_IGNORECASE(200) NULL,
	"isobsolete" BOOLEAN NULL,
	"name" VARCHAR_IGNORECASE(200) NULL,
	PRIMARY KEY("id"),
	CONSTRAINT "uniq_system$workflowdefinition_modelguid" UNIQUE ("modelguid"));
INSERT INTO "mendixsystem$entity" ("id", 
"entity_name", 
"table_name", 
"remote", 
"remote_primary_key")
 VALUES ('02d51bf5-6fad-4d53-868d-9366732968c1', 
'System.WorkflowDefinition', 
'system$workflowdefinition', 
false, 
false);
INSERT INTO "mendixsystem$attribute" ("id", 
"entity_id", 
"attribute_name", 
"column_name", 
"type", 
"length", 
"default_value", 
"is_auto_number")
 VALUES ('a0c664f6-b514-4150-891e-34583eddeca0', 
'02d51bf5-6fad-4d53-868d-9366732968c1', 
'ModelGUID', 
'modelguid', 
30, 
36, 
'', 
false);
INSERT INTO "mendixsystem$attribute" ("id", 
"entity_id", 
"attribute_name", 
"column_name", 
"type", 
"length", 
"default_value", 
"is_auto_number")
 VALUES ('7cb6875c-96eb-45ed-84bb-3758e3c88f97', 
'02d51bf5-6fad-4d53-868d-9366732968c1', 
'Title', 
'title', 
30, 
200, 
'', 
false);
INSERT INTO "mendixsystem$attribute" ("id", 
"entity_id", 
"attribute_name", 
"column_name", 
"type", 
"length", 
"default_value", 
"is_auto_number")
 VALUES ('ef2618eb-a2b0-4b7d-a11e-f32581965a68', 
'02d51bf5-6fad-4d53-868d-9366732968c1', 
'IsObsolete', 
'isobsolete', 
10, 
0, 
'false', 
false);
INSERT INTO "mendixsystem$attribute" ("id", 
"entity_id", 
"attribute_name", 
"column_name", 
"type", 
"length", 
"default_value", 
"is_auto_number")
 VALUES ('1f9aae3e-0163-4b15-b3ba-33a7aa52c34a', 
'02d51bf5-6fad-4d53-868d-9366732968c1', 
'Name', 
'name', 
30, 
200, 
'', 
false);
INSERT INTO "mendixsystem$unique_constraint" ("name", 
"table_id", 
"column_id")
 VALUES ('uniq_system$workflowdefinition_modelguid', 
'02d51bf5-6fad-4d53-868d-9366732968c1', 
'a0c664f6-b514-4150-891e-34583eddeca0');
CREATE TABLE "system$workflowdefinition_currentworkflowversion" (
	"system$workflowdefinitionid" BIGINT NOT NULL,
	"system$workflowversionid" BIGINT NOT NULL,
	PRIMARY KEY("system$workflowdefinitionid","system$workflowversionid"),
	CONSTRAINT "uniq_system$workflowdefinition_currentworkflowversion_system$workflowdefinitionid" UNIQUE ("system$workflowdefinitionid"));
CREATE INDEX "idx_system$workflowdefinition_currentworkflowversion_system$workflowversion_system$workflowdefinition" ON "system$workflowdefinition_currentworkflowversion" ("system$workflowversionid" ASC,"system$workflowdefinitionid" ASC);
INSERT INTO "mendixsystem$association" ("id", 
"association_name", 
"table_name", 
"parent_entity_id", 
"child_entity_id", 
"parent_column_name", 
"child_column_name", 
"index_name")
 VALUES ('3ebbec61-8d41-400a-bb8c-901158f2440b', 
'System.WorkflowDefinition_CurrentWorkflowVersion', 
'system$workflowdefinition_currentworkflowversion', 
'02d51bf5-6fad-4d53-868d-9366732968c1', 
'06501a2e-a29e-4e42-bb99-3b45be716079', 
'system$workflowdefinitionid', 
'system$workflowversionid', 
'idx_system$workflowdefinition_currentworkflowversion_system$workflowversion_system$workflowdefinition');
INSERT INTO "mendixsystem$unique_constraint" ("name", 
"table_id", 
"column_id")
 VALUES ('uniq_system$workflowdefinition_currentworkflowversion_system$workflowdefinitionid', 
'3ebbec61-8d41-400a-bb8c-901158f2440b', 
'385c3019-3deb-31af-a22a-ff964b0d33ef');
CREATE TABLE "system$workflowtaskdefinition" (
	"id" BIGINT NOT NULL,
	"modelguid" VARCHAR_IGNORECASE(36) NULL,
	"isobsolete" BOOLEAN NULL,
	"name" VARCHAR_IGNORECASE(200) NULL,
	PRIMARY KEY("id"));
INSERT INTO "mendixsystem$entity" ("id", 
"entity_name", 
"table_name", 
"remote", 
"remote_primary_key")
 VALUES ('8d213f93-202b-42f7-9ee8-149e6f49ebb4', 
'System.WorkflowTaskDefinition', 
'system$workflowtaskdefinition', 
false, 
false);
INSERT INTO "mendixsystem$attribute" ("id", 
"entity_id", 
"attribute_name", 
"column_name", 
"type", 
"length", 
"default_value", 
"is_auto_number")
 VALUES ('6ed7b19a-2019-447c-b7fa-dc63f2021378', 
'8d213f93-202b-42f7-9ee8-149e6f49ebb4', 
'ModelGUID', 
'modelguid', 
30, 
36, 
'', 
false);
INSERT INTO "mendixsystem$attribute" ("id", 
"entity_id", 
"attribute_name", 
"column_name", 
"type", 
"length", 
"default_value", 
"is_auto_number")
 VALUES ('7daf3c37-3d8d-4cb9-8b6c-ccbbdae509a6', 
'8d213f93-202b-42f7-9ee8-149e6f49ebb4', 
'IsObsolete', 
'isobsolete', 
10, 
0, 
'false', 
false);
INSERT INTO "mendixsystem$attribute" ("id", 
"entity_id", 
"attribute_name", 
"column_name", 
"type", 
"length", 
"default_value", 
"is_auto_number")
 VALUES ('dc9633d8-dd84-433f-ba2a-e7ed3565a667', 
'8d213f93-202b-42f7-9ee8-149e6f49ebb4', 
'Name', 
'name', 
30, 
200, 
'', 
false);
CREATE TABLE "system$taskdefinition_workflowdefinition" (
	"system$workflowtaskdefinitionid" BIGINT NOT NULL,
	"system$workflowdefinitionid" BIGINT NOT NULL,
	PRIMARY KEY("system$workflowtaskdefinitionid","system$workflowdefinitionid"),
	CONSTRAINT "uniq_system$taskdefinition_workflowdefinition_system$workflowtaskdefinitionid" UNIQUE ("system$workflowtaskdefinitionid"));
CREATE INDEX "idx_system$taskdefinition_workflowdefinition_system$workflowdefinition_system$workflowtaskdefinition" ON "system$taskdefinition_workflowdefinition" ("system$workflowdefinitionid" ASC,"system$workflowtaskdefinitionid" ASC);
INSERT INTO "mendixsystem$association" ("id", 
"association_name", 
"table_name", 
"parent_entity_id", 
"child_entity_id", 
"parent_column_name", 
"child_column_name", 
"index_name")
 VALUES ('f1e5de7f-b714-4d1d-ae7a-83e01a9b270e', 
'System.TaskDefinition_WorkflowDefinition', 
'system$taskdefinition_workflowdefinition', 
'8d213f93-202b-42f7-9ee8-149e6f49ebb4', 
'02d51bf5-6fad-4d53-868d-9366732968c1', 
'system$workflowtaskdefinitionid', 
'system$workflowdefinitionid', 
'idx_system$taskdefinition_workflowdefinition_system$workflowdefinition_system$workflowtaskdefinition');
INSERT INTO "mendixsystem$unique_constraint" ("name", 
"table_id", 
"column_id")
 VALUES ('uniq_system$taskdefinition_workflowdefinition_system$workflowtaskdefinitionid', 
'f1e5de7f-b714-4d1d-ae7a-83e01a9b270e', 
'8d06b886-5975-3aa2-824f-dab4d0198fb9');
CREATE TABLE "system$unreferencedfile" (
	"id" BIGINT NOT NULL,
	"filekey" VARCHAR_IGNORECASE(36) NULL,
	"createddate" TIMESTAMP NULL,
	"state" VARCHAR_IGNORECASE(8) NULL,
	"transactionid" VARCHAR_IGNORECASE(36) NULL,
	PRIMARY KEY("id"));
INSERT INTO "mendixsystem$entity" ("id", 
"entity_name", 
"table_name", 
"remote", 
"remote_primary_key")
 VALUES ('4e336d7d-71e8-41f4-9f07-8f0646543e81', 
'System.UnreferencedFile', 
'system$unreferencedfile', 
false, 
false);
INSERT INTO "mendixsystem$attribute" ("id", 
"entity_id", 
"attribute_name", 
"column_name", 
"type", 
"length", 
"default_value", 
"is_auto_number")
 VALUES ('a7934e8b-3623-45c7-abf4-e8a1d93770a2', 
'4e336d7d-71e8-41f4-9f07-8f0646543e81', 
'FileKey', 
'filekey', 
30, 
36, 
'', 
false);
INSERT INTO "mendixsystem$attribute" ("id", 
"entity_id", 
"attribute_name", 
"column_name", 
"type", 
"length", 
"default_value", 
"is_auto_number")
 VALUES ('cbd2b083-ad9a-3c24-8d5e-01e8c3994cad', 
'4e336d7d-71e8-41f4-9f07-8f0646543e81', 
'createdDate', 
'createddate', 
20, 
0, 
'', 
false);
INSERT INTO "mendixsystem$attribute" ("id", 
"entity_id", 
"attribute_name", 
"column_name", 
"type", 
"length", 
"default_value", 
"is_auto_number")
 VALUES ('a7bd62b4-180e-4f89-8767-4df1817e5419', 
'4e336d7d-71e8-41f4-9f07-8f0646543e81', 
'State', 
'state', 
40, 
8, 
'New', 
false);
INSERT INTO "mendixsystem$attribute" ("id", 
"entity_id", 
"attribute_name", 
"column_name", 
"type", 
"length", 
"default_value", 
"is_auto_number")
 VALUES ('752e783a-9db4-4825-a87c-7e143366bd85', 
'4e336d7d-71e8-41f4-9f07-8f0646543e81', 
'TransactionId', 
'transactionid', 
30, 
36, 
'', 
false);
CREATE TABLE "system$unreferencedfile_xasinstance" (
	"system$unreferencedfileid" BIGINT NOT NULL,
	"system$xasinstanceid" BIGINT NOT NULL,
	PRIMARY KEY("system$unreferencedfileid","system$xasinstanceid"),
	CONSTRAINT "uniq_system$unreferencedfile_xasinstance_system$unreferencedfileid" UNIQUE ("system$unreferencedfileid"));
CREATE INDEX "idx_system$unreferencedfile_xasinstance_system$xasinstance_system$unreferencedfile" ON "system$unreferencedfile_xasinstance" ("system$xasinstanceid" ASC,"system$unreferencedfileid" ASC);
INSERT INTO "mendixsystem$association" ("id", 
"association_name", 
"table_name", 
"parent_entity_id", 
"child_entity_id", 
"parent_column_name", 
"child_column_name", 
"index_name")
 VALUES ('1cbb5da6-dbb6-447a-8ea2-b193035320c7', 
'System.UnreferencedFile_XASInstance', 
'system$unreferencedfile_xasinstance', 
'4e336d7d-71e8-41f4-9f07-8f0646543e81', 
'd4154981-8dac-4150-aec5-efa3ef62a7a2', 
'system$unreferencedfileid', 
'system$xasinstanceid', 
'idx_system$unreferencedfile_xasinstance_system$xasinstance_system$unreferencedfile');
INSERT INTO "mendixsystem$unique_constraint" ("name", 
"table_id", 
"column_id")
 VALUES ('uniq_system$unreferencedfile_xasinstance_system$unreferencedfileid', 
'1cbb5da6-dbb6-447a-8ea2-b193035320c7', 
'dd0763aa-e3a9-35bd-98ce-4d39d939ad40');
CREATE TABLE "system$offlinesynchronizationhistory" (
	"id" BIGINT NOT NULL,
	"createddate" TIMESTAMP NULL,
	"syncid" VARCHAR_IGNORECASE(200) NULL,
	PRIMARY KEY("id"),
	CONSTRAINT "uniq_system$offlinesynchronizationhistory_syncid" UNIQUE ("syncid"));
CREATE INDEX "idx_system$offlinesynchronizationhistory_syncid_asc" ON "system$offlinesynchronizationhistory" ("syncid" ASC,"id" ASC);
INSERT INTO "mendixsystem$entity" ("id", 
"entity_name", 
"table_name", 
"remote", 
"remote_primary_key")
 VALUES ('137064d4-4cf1-4a0b-92a5-a11b66360ff9', 
'System.OfflineSynchronizationHistory', 
'system$offlinesynchronizationhistory', 
false, 
false);
INSERT INTO "mendixsystem$attribute" ("id", 
"entity_id", 
"attribute_name", 
"column_name", 
"type", 
"length", 
"default_value", 
"is_auto_number")
 VALUES ('fa5f48d5-d89f-3022-bdab-059cfc5b12ec', 
'137064d4-4cf1-4a0b-92a5-a11b66360ff9', 
'createdDate', 
'createddate', 
20, 
0, 
'', 
false);
INSERT INTO "mendixsystem$attribute" ("id", 
"entity_id", 
"attribute_name", 
"column_name", 
"type", 
"length", 
"default_value", 
"is_auto_number")
 VALUES ('a91934fd-65f2-404e-bff8-7b370c20d687', 
'137064d4-4cf1-4a0b-92a5-a11b66360ff9', 
'SyncId', 
'syncid', 
30, 
200, 
'', 
false);
INSERT INTO "mendixsystem$index" ("id", 
"table_id", 
"index_name")
 VALUES ('7a35f5fa-69a5-42e6-842d-c5bf65735a0f', 
'137064d4-4cf1-4a0b-92a5-a11b66360ff9', 
'idx_system$offlinesynchronizationhistory_syncid_asc');
INSERT INTO "mendixsystem$index_column" ("index_id", 
"column_id", 
"sort_order", 
"ordinal")
 VALUES ('7a35f5fa-69a5-42e6-842d-c5bf65735a0f', 
'a91934fd-65f2-404e-bff8-7b370c20d687', 
false, 
0);
INSERT INTO "mendixsystem$unique_constraint" ("name", 
"table_id", 
"column_id")
 VALUES ('uniq_system$offlinesynchronizationhistory_syncid', 
'137064d4-4cf1-4a0b-92a5-a11b66360ff9', 
'a91934fd-65f2-404e-bff8-7b370c20d687');
CREATE TABLE "system$workflowinstance" (
	"id" BIGINT NOT NULL,
	"endtime" TIMESTAMP NULL,
	"workflowname" VARCHAR_IGNORECASE(200) NULL,
	"state" VARCHAR_IGNORECASE(12) NULL,
	"workflowdescription" VARCHAR_IGNORECASE(2147483647) NULL,
	"starttime" TIMESTAMP NULL,
	"duedate" TIMESTAMP NULL,
	"reason" VARCHAR_IGNORECASE(2147483647) NULL,
	"system$owner" BIGINT NULL,
	PRIMARY KEY("id"));
CREATE INDEX "idx_system$workflowinstance_system$owner" ON "system$workflowinstance" ("system$owner" ASC,"id" ASC);
INSERT INTO "mendixsystem$entity" ("id", 
"entity_name", 
"table_name", 
"remote", 
"remote_primary_key")
 VALUES ('0bdec1c4-0500-467e-a6f7-5ad52fda4db4', 
'System.WorkflowInstance', 
'system$workflowinstance', 
false, 
false);
INSERT INTO "mendixsystem$attribute" ("id", 
"entity_id", 
"attribute_name", 
"column_name", 
"type", 
"length", 
"default_value", 
"is_auto_number")
 VALUES ('867e8b12-690f-491e-8470-2f6c7f81c7f9', 
'0bdec1c4-0500-467e-a6f7-5ad52fda4db4', 
'EndTime', 
'endtime', 
20, 
0, 
'', 
false);
INSERT INTO "mendixsystem$attribute" ("id", 
"entity_id", 
"attribute_name", 
"column_name", 
"type", 
"length", 
"default_value", 
"is_auto_number")
 VALUES ('b7f8b69d-bcb2-4d0f-83ee-d3bb7c25d38e', 
'0bdec1c4-0500-467e-a6f7-5ad52fda4db4', 
'WorkflowName', 
'workflowname', 
30, 
200, 
'', 
false);
INSERT INTO "mendixsystem$attribute" ("id", 
"entity_id", 
"attribute_name", 
"column_name", 
"type", 
"length", 
"default_value", 
"is_auto_number")
 VALUES ('3ad015a7-e1a8-4d07-a41e-3cab89361c35', 
'0bdec1c4-0500-467e-a6f7-5ad52fda4db4', 
'State', 
'state', 
40, 
12, 
'Paused', 
false);
INSERT INTO "mendixsystem$attribute" ("id", 
"entity_id", 
"attribute_name", 
"column_name", 
"type", 
"length", 
"default_value", 
"is_auto_number")
 VALUES ('6992fd0a-7f1f-4e18-a261-a76d7fd944a3', 
'0bdec1c4-0500-467e-a6f7-5ad52fda4db4', 
'WorkflowDescription', 
'workflowdescription', 
30, 
0, 
'', 
false);
INSERT INTO "mendixsystem$attribute" ("id", 
"entity_id", 
"attribute_name", 
"column_name", 
"type", 
"length", 
"default_value", 
"is_auto_number")
 VALUES ('7dc2e92f-a87b-4c12-a125-6ce279ec7e0f', 
'0bdec1c4-0500-467e-a6f7-5ad52fda4db4', 
'StartTime', 
'starttime', 
20, 
0, 
'', 
false);
INSERT INTO "mendixsystem$attribute" ("id", 
"entity_id", 
"attribute_name", 
"column_name", 
"type", 
"length", 
"default_value", 
"is_auto_number")
 VALUES ('8dcb7132-aec9-4685-a185-4774109f852f', 
'0bdec1c4-0500-467e-a6f7-5ad52fda4db4', 
'DueDate', 
'duedate', 
20, 
0, 
'', 
false);
INSERT INTO "mendixsystem$attribute" ("id", 
"entity_id", 
"attribute_name", 
"column_name", 
"type", 
"length", 
"default_value", 
"is_auto_number")
 VALUES ('be2e807e-fd69-4ac9-aad6-62464ce87e9c', 
'0bdec1c4-0500-467e-a6f7-5ad52fda4db4', 
'Reason', 
'reason', 
30, 
0, 
'', 
false);
INSERT INTO "mendixsystem$index" ("id", 
"table_id", 
"index_name")
 VALUES ('542c9489-d67c-3520-a6ff-82ad35f37fb5', 
'0bdec1c4-0500-467e-a6f7-5ad52fda4db4', 
'idx_system$workflowinstance_system$owner');
INSERT INTO "mendixsystem$index_column" ("index_id", 
"column_id", 
"sort_order", 
"ordinal")
 VALUES ('542c9489-d67c-3520-a6ff-82ad35f37fb5', 
'3501d53b-7e89-3a04-b928-6c4c6dd7f450', 
false, 
0);
INSERT INTO "mendixsystem$association" ("id", 
"association_name", 
"table_name", 
"parent_entity_id", 
"child_entity_id", 
"parent_column_name", 
"child_column_name")
 VALUES ('3501d53b-7e89-3a04-b928-6c4c6dd7f450', 
'System.owner', 
'system$owner', 
'0bdec1c4-0500-467e-a6f7-5ad52fda4db4', 
'282e2e60-88a5-469d-84a5-ba8d9151644f', 
'id', 
'system$owner');
CREATE TABLE "system$workflowinstance_currentactivity" (
	"system$workflowinstanceid" BIGINT NOT NULL,
	"system$workflowactivityid" BIGINT NOT NULL,
	PRIMARY KEY("system$workflowinstanceid","system$workflowactivityid"));
CREATE INDEX "idx_system$workflowinstance_currentactivity_system$workflowactivity_system$workflowinstance" ON "system$workflowinstance_currentactivity" ("system$workflowactivityid" ASC,"system$workflowinstanceid" ASC);
INSERT INTO "mendixsystem$association" ("id", 
"association_name", 
"table_name", 
"parent_entity_id", 
"child_entity_id", 
"parent_column_name", 
"child_column_name", 
"index_name")
 VALUES ('2d11ff24-7c77-4f7e-a1e4-b307d6fd309b', 
'System.WorkflowInstance_CurrentActivity', 
'system$workflowinstance_currentactivity', 
'0bdec1c4-0500-467e-a6f7-5ad52fda4db4', 
'8ac1e90e-718e-4aba-9942-59820582d7a7', 
'system$workflowinstanceid', 
'system$workflowactivityid', 
'idx_system$workflowinstance_currentactivity_system$workflowactivity_system$workflowinstance');
CREATE TABLE "system$workflowinstance_workflowcontext" (
	"system$workflowinstanceid" BIGINT NOT NULL,
	"system$workflowcontextid" BIGINT NOT NULL,
	PRIMARY KEY("system$workflowinstanceid","system$workflowcontextid"),
	CONSTRAINT "uniq_system$workflowinstance_workflowcontext_system$workflowcontextid" UNIQUE ("system$workflowcontextid"),
	CONSTRAINT "uniq_system$workflowinstance_workflowcontext_system$workflowinstanceid" UNIQUE ("system$workflowinstanceid"));
CREATE INDEX "idx_system$workflowinstance_workflowcontext_system$workflowcontext_system$workflowinstance" ON "system$workflowinstance_workflowcontext" ("system$workflowcontextid" ASC,"system$workflowinstanceid" ASC);
INSERT INTO "mendixsystem$association" ("id", 
"association_name", 
"table_name", 
"parent_entity_id", 
"child_entity_id", 
"parent_column_name", 
"child_column_name", 
"index_name")
 VALUES ('97a8df1e-d9ee-41ba-92f4-8b3dc262a32d', 
'System.WorkflowInstance_WorkflowContext', 
'system$workflowinstance_workflowcontext', 
'0bdec1c4-0500-467e-a6f7-5ad52fda4db4', 
'7b69d5b8-cb94-4ffa-920d-e4d70c6be1e6', 
'system$workflowinstanceid', 
'system$workflowcontextid', 
'idx_system$workflowinstance_workflowcontext_system$workflowcontext_system$workflowinstance');
INSERT INTO "mendixsystem$unique_constraint" ("name", 
"table_id", 
"column_id")
 VALUES ('uniq_system$workflowinstance_workflowcontext_system$workflowcontextid', 
'97a8df1e-d9ee-41ba-92f4-8b3dc262a32d', 
'a6deb5d4-243e-31fe-8519-12f7291159a2');
INSERT INTO "mendixsystem$unique_constraint" ("name", 
"table_id", 
"column_id")
 VALUES ('uniq_system$workflowinstance_workflowcontext_system$workflowinstanceid', 
'97a8df1e-d9ee-41ba-92f4-8b3dc262a32d', 
'7879565e-7529-38fe-8db4-ffdc2468fe59');
CREATE TABLE "system$workflowinstance_workflowdefinition" (
	"system$workflowinstanceid" BIGINT NOT NULL,
	"system$workflowdefinitionid" BIGINT NOT NULL,
	PRIMARY KEY("system$workflowinstanceid","system$workflowdefinitionid"),
	CONSTRAINT "uniq_system$workflowinstance_workflowdefinition_system$workflowinstanceid" UNIQUE ("system$workflowinstanceid"));
CREATE INDEX "idx_system$workflowinstance_workflowdefinition_system$workflowdefinition_system$workflowinstance" ON "system$workflowinstance_workflowdefinition" ("system$workflowdefinitionid" ASC,"system$workflowinstanceid" ASC);
INSERT INTO "mendixsystem$association" ("id", 
"association_name", 
"table_name", 
"parent_entity_id", 
"child_entity_id", 
"parent_column_name", 
"child_column_name", 
"index_name")
 VALUES ('e40c96ef-b6e4-47df-87c6-17d16102a4c7', 
'System.WorkflowInstance_WorkflowDefinition', 
'system$workflowinstance_workflowdefinition', 
'0bdec1c4-0500-467e-a6f7-5ad52fda4db4', 
'02d51bf5-6fad-4d53-868d-9366732968c1', 
'system$workflowinstanceid', 
'system$workflowdefinitionid', 
'idx_system$workflowinstance_workflowdefinition_system$workflowdefinition_system$workflowinstance');
INSERT INTO "mendixsystem$unique_constraint" ("name", 
"table_id", 
"column_id")
 VALUES ('uniq_system$workflowinstance_workflowdefinition_system$workflowinstanceid', 
'e40c96ef-b6e4-47df-87c6-17d16102a4c7', 
'c16f925c-7828-3b50-95ec-ebddb60a31ec');
CREATE TABLE "system$databrokerentitymetadata" (
	"id" BIGINT NOT NULL,
	"entityid" VARCHAR_IGNORECASE(36) NULL,
	"memberdetails" VARCHAR_IGNORECASE(2147483647) NULL,
	PRIMARY KEY("id"));
INSERT INTO "mendixsystem$entity" ("id", 
"entity_name", 
"table_name", 
"remote", 
"remote_primary_key")
 VALUES ('df86cd1e-f9ac-42d4-bcd0-a185540a247a', 
'System.DataBrokerEntityMetadata', 
'system$databrokerentitymetadata', 
false, 
false);
INSERT INTO "mendixsystem$attribute" ("id", 
"entity_id", 
"attribute_name", 
"column_name", 
"type", 
"length", 
"default_value", 
"is_auto_number")
 VALUES ('9898404a-0a0e-48c5-b223-49323db632b5', 
'df86cd1e-f9ac-42d4-bcd0-a185540a247a', 
'EntityId', 
'entityid', 
30, 
36, 
'', 
false);
INSERT INTO "mendixsystem$attribute" ("id", 
"entity_id", 
"attribute_name", 
"column_name", 
"type", 
"length", 
"default_value", 
"is_auto_number")
 VALUES ('0a53921a-933e-4272-99a3-d86715840c82', 
'df86cd1e-f9ac-42d4-bcd0-a185540a247a', 
'MemberDetails', 
'memberdetails', 
30, 
0, 
'', 
false);
CREATE TABLE "system$queuedtask" (
	"id" BIGINT NOT NULL,
	"status" VARCHAR_IGNORECASE(12) NULL,
	"microflowname" VARCHAR_IGNORECASE(200) NULL,
	"useractionname" VARCHAR_IGNORECASE(200) NULL,
	"started" TIMESTAMP NULL,
	"xasid" VARCHAR_IGNORECASE(50) NULL,
	"threadid" BIGINT NULL,
	"retried" BIGINT NULL,
	"arguments" VARCHAR_IGNORECASE(2147483647) NULL,
	"queueid" VARCHAR_IGNORECASE(36) NULL,
	"sequence" BIGINT NULL,
	"queuename" VARCHAR_IGNORECASE(200) NULL,
	"created" TIMESTAMP NULL,
	PRIMARY KEY("id"));
CREATE SEQUENCE "system$queuedtask_sequence_mxseq" AS BIGINT START WITH 1;
INSERT INTO "mendixsystem$entity" ("id", 
"entity_name", 
"table_name", 
"remote", 
"remote_primary_key")
 VALUES ('c6c131c8-8779-4213-9b26-a64e141f26a8', 
'System.QueuedTask', 
'system$queuedtask', 
false, 
false);
INSERT INTO "mendixsystem$attribute" ("id", 
"entity_id", 
"attribute_name", 
"column_name", 
"type", 
"length", 
"default_value", 
"is_auto_number")
 VALUES ('2223cc2b-6f68-4964-90c4-46ceed8c2f62', 
'c6c131c8-8779-4213-9b26-a64e141f26a8', 
'Status', 
'status', 
40, 
12, 
'Idle', 
false);
INSERT INTO "mendixsystem$attribute" ("id", 
"entity_id", 
"attribute_name", 
"column_name", 
"type", 
"length", 
"default_value", 
"is_auto_number")
 VALUES ('8b835017-7d42-401f-8271-02c232066d49', 
'c6c131c8-8779-4213-9b26-a64e141f26a8', 
'MicroflowName', 
'microflowname', 
30, 
200, 
'', 
false);
INSERT INTO "mendixsystem$attribute" ("id", 
"entity_id", 
"attribute_name", 
"column_name", 
"type", 
"length", 
"default_value", 
"is_auto_number")
 VALUES ('b38b8b74-2e97-47aa-96c6-3a14ecef522c', 
'c6c131c8-8779-4213-9b26-a64e141f26a8', 
'UserActionName', 
'useractionname', 
30, 
200, 
'', 
false);
INSERT INTO "mendixsystem$attribute" ("id", 
"entity_id", 
"attribute_name", 
"column_name", 
"type", 
"length", 
"default_value", 
"is_auto_number")
 VALUES ('3aadbd20-595c-4fdf-84e1-2b65639f8d4b', 
'c6c131c8-8779-4213-9b26-a64e141f26a8', 
'Started', 
'started', 
20, 
0, 
'', 
false);
INSERT INTO "mendixsystem$attribute" ("id", 
"entity_id", 
"attribute_name", 
"column_name", 
"type", 
"length", 
"default_value", 
"is_auto_number")
 VALUES ('0918f273-80a5-42d6-ae35-a7a50ab61210', 
'c6c131c8-8779-4213-9b26-a64e141f26a8', 
'XASId', 
'xasid', 
30, 
50, 
'', 
false);
INSERT INTO "mendixsystem$attribute" ("id", 
"entity_id", 
"attribute_name", 
"column_name", 
"type", 
"length", 
"default_value", 
"is_auto_number")
 VALUES ('df70e053-7126-4c45-a76b-22c2814babf8', 
'c6c131c8-8779-4213-9b26-a64e141f26a8', 
'ThreadId', 
'threadid', 
4, 
0, 
'', 
false);
INSERT INTO "mendixsystem$attribute" ("id", 
"entity_id", 
"attribute_name", 
"column_name", 
"type", 
"length", 
"default_value", 
"is_auto_number")
 VALUES ('6bd4228f-341d-45b4-a411-765b024ccdfa', 
'c6c131c8-8779-4213-9b26-a64e141f26a8', 
'Retried', 
'retried', 
4, 
0, 
'0', 
false);
INSERT INTO "mendixsystem$attribute" ("id", 
"entity_id", 
"attribute_name", 
"column_name", 
"type", 
"length", 
"default_value", 
"is_auto_number")
 VALUES ('b47c6adc-1d13-4f3b-8172-0ace129df25f', 
'c6c131c8-8779-4213-9b26-a64e141f26a8', 
'Arguments', 
'arguments', 
30, 
0, 
'', 
false);
INSERT INTO "mendixsystem$attribute" ("id", 
"entity_id", 
"attribute_name", 
"column_name", 
"type", 
"length", 
"default_value", 
"is_auto_number")
 VALUES ('77f66f6e-3794-4338-8a7d-eb4538dcd6db', 
'c6c131c8-8779-4213-9b26-a64e141f26a8', 
'QueueId', 
'queueid', 
30, 
36, 
'', 
false);
INSERT INTO "mendixsystem$attribute" ("id", 
"entity_id", 
"attribute_name", 
"column_name", 
"type", 
"length", 
"default_value", 
"is_auto_number")
 VALUES ('d26c3f20-7dc5-4a65-bbf6-c84ec5b5fe9f', 
'c6c131c8-8779-4213-9b26-a64e141f26a8', 
'Sequence', 
'sequence', 
0, 
0, 
'1', 
true);
INSERT INTO "mendixsystem$sequence" ("attribute_id", 
"name", 
"start_value", 
"current_value")
 VALUES ('d26c3f20-7dc5-4a65-bbf6-c84ec5b5fe9f', 
'system$queuedtask_sequence_mxseq', 
1, 
0);
INSERT INTO "mendixsystem$attribute" ("id", 
"entity_id", 
"attribute_name", 
"column_name", 
"type", 
"length", 
"default_value", 
"is_auto_number")
 VALUES ('3898cc5e-0a5c-402a-8f4b-ffa2271fe5b5', 
'c6c131c8-8779-4213-9b26-a64e141f26a8', 
'QueueName', 
'queuename', 
30, 
200, 
'', 
false);
INSERT INTO "mendixsystem$attribute" ("id", 
"entity_id", 
"attribute_name", 
"column_name", 
"type", 
"length", 
"default_value", 
"is_auto_number")
 VALUES ('94e618c6-5158-44c1-baf6-ef6af8a76b6d', 
'c6c131c8-8779-4213-9b26-a64e141f26a8', 
'Created', 
'created', 
20, 
0, 
'', 
false);
CREATE TABLE "system$synchronizationerror" (
	"id" BIGINT NOT NULL,
	"objecttype" VARCHAR_IGNORECASE(1000) NULL,
	"objectcontent" VARCHAR_IGNORECASE(2147483647) NULL,
	"createddate" TIMESTAMP NULL,
	"objectid" VARCHAR_IGNORECASE(200) NULL,
	"reason" VARCHAR_IGNORECASE(2147483647) NULL,
	"system$owner" BIGINT NULL,
	PRIMARY KEY("id"));
CREATE INDEX "idx_system$synchronizationerror_system$owner" ON "system$synchronizationerror" ("system$owner" ASC,"id" ASC);
INSERT INTO "mendixsystem$entity" ("id", 
"entity_name", 
"table_name", 
"remote", 
"remote_primary_key")
 VALUES ('f9818ad8-3214-4b1d-b837-3181863f5ed5', 
'System.SynchronizationError', 
'system$synchronizationerror', 
false, 
false);
INSERT INTO "mendixsystem$attribute" ("id", 
"entity_id", 
"attribute_name", 
"column_name", 
"type", 
"length", 
"default_value", 
"is_auto_number")
 VALUES ('b1684d75-8427-4ed6-be7a-3f4d4e59d61e', 
'f9818ad8-3214-4b1d-b837-3181863f5ed5', 
'ObjectType', 
'objecttype', 
30, 
1000, 
'', 
false);
INSERT INTO "mendixsystem$attribute" ("id", 
"entity_id", 
"attribute_name", 
"column_name", 
"type", 
"length", 
"default_value", 
"is_auto_number")
 VALUES ('29d27bde-bc08-4f80-9d6c-9f47a3209452', 
'f9818ad8-3214-4b1d-b837-3181863f5ed5', 
'ObjectContent', 
'objectcontent', 
30, 
0, 
'', 
false);
INSERT INTO "mendixsystem$attribute" ("id", 
"entity_id", 
"attribute_name", 
"column_name", 
"type", 
"length", 
"default_value", 
"is_auto_number")
 VALUES ('a3e1c07d-2b2b-3e20-bbf0-de44e27d29f4', 
'f9818ad8-3214-4b1d-b837-3181863f5ed5', 
'createdDate', 
'createddate', 
20, 
0, 
'', 
false);
INSERT INTO "mendixsystem$attribute" ("id", 
"entity_id", 
"attribute_name", 
"column_name", 
"type", 
"length", 
"default_value", 
"is_auto_number")
 VALUES ('7e215c6c-0cfd-4533-8529-23e4f5359b7a', 
'f9818ad8-3214-4b1d-b837-3181863f5ed5', 
'ObjectId', 
'objectid', 
30, 
200, 
'', 
false);
INSERT INTO "mendixsystem$attribute" ("id", 
"entity_id", 
"attribute_name", 
"column_name", 
"type", 
"length", 
"default_value", 
"is_auto_number")
 VALUES ('2f76e5ca-ccbe-4137-856b-1999a51431f2', 
'f9818ad8-3214-4b1d-b837-3181863f5ed5', 
'Reason', 
'reason', 
30, 
0, 
'', 
false);
INSERT INTO "mendixsystem$index" ("id", 
"table_id", 
"index_name")
 VALUES ('02390f36-727f-3e8e-8698-51de6cbd7dd0', 
'f9818ad8-3214-4b1d-b837-3181863f5ed5', 
'idx_system$synchronizationerror_system$owner');
INSERT INTO "mendixsystem$index_column" ("index_id", 
"column_id", 
"sort_order", 
"ordinal")
 VALUES ('02390f36-727f-3e8e-8698-51de6cbd7dd0', 
'b822057e-d9ee-3cd6-8535-6bc9268cb842', 
false, 
0);
INSERT INTO "mendixsystem$association" ("id", 
"association_name", 
"table_name", 
"parent_entity_id", 
"child_entity_id", 
"parent_column_name", 
"child_column_name")
 VALUES ('b822057e-d9ee-3cd6-8535-6bc9268cb842', 
'System.owner', 
'system$owner', 
'f9818ad8-3214-4b1d-b837-3181863f5ed5', 
'282e2e60-88a5-469d-84a5-ba8d9151644f', 
'id', 
'system$owner');
CREATE TABLE "system$workflowcontext" (
	"id" BIGINT NOT NULL,
	PRIMARY KEY("id"));
INSERT INTO "mendixsystem$entity" ("id", 
"entity_name", 
"table_name", 
"remote", 
"remote_primary_key")
 VALUES ('7b69d5b8-cb94-4ffa-920d-e4d70c6be1e6', 
'System.WorkflowContext', 
'system$workflowcontext', 
false, 
false);
CREATE TABLE "system$offlinecreatedguids" (
	"id" BIGINT NOT NULL,
	"createddate" TIMESTAMP NULL,
	"guid" VARCHAR_IGNORECASE(200) NULL,
	PRIMARY KEY("id"),
	CONSTRAINT "uniq_system$offlinecreatedguids_guid" UNIQUE ("guid"));
INSERT INTO "mendixsystem$entity" ("id", 
"entity_name", 
"table_name", 
"remote", 
"remote_primary_key")
 VALUES ('89cea6a8-a2df-4925-85e4-2b0c447e98c3', 
'System.OfflineCreatedGuids', 
'system$offlinecreatedguids', 
false, 
false);
INSERT INTO "mendixsystem$attribute" ("id", 
"entity_id", 
"attribute_name", 
"column_name", 
"type", 
"length", 
"default_value", 
"is_auto_number")
 VALUES ('22289399-6f82-3eda-bbdf-15ddacf9f408', 
'89cea6a8-a2df-4925-85e4-2b0c447e98c3', 
'createdDate', 
'createddate', 
20, 
0, 
'', 
false);
INSERT INTO "mendixsystem$attribute" ("id", 
"entity_id", 
"attribute_name", 
"column_name", 
"type", 
"length", 
"default_value", 
"is_auto_number")
 VALUES ('7919a281-0b72-4dc4-87e1-fffaced4c8d1', 
'89cea6a8-a2df-4925-85e4-2b0c447e98c3', 
'Guid', 
'guid', 
30, 
200, 
'', 
false);
INSERT INTO "mendixsystem$unique_constraint" ("name", 
"table_id", 
"column_id")
 VALUES ('uniq_system$offlinecreatedguids_guid', 
'89cea6a8-a2df-4925-85e4-2b0c447e98c3', 
'7919a281-0b72-4dc4-87e1-fffaced4c8d1');
CREATE TABLE "system$workflowactivity" (
	"id" BIGINT NOT NULL,
	"modelguid" VARCHAR_IGNORECASE(36) NULL,
	"activityguid" VARCHAR_IGNORECASE(36) NULL,
	"endtime" TIMESTAMP NULL,
	"state" VARCHAR_IGNORECASE(9) NULL,
	"activityhash" VARCHAR_IGNORECASE(200) NULL,
	"starttime" TIMESTAMP NULL,
	"error" VARCHAR_IGNORECASE(2147483647) NULL,
	"isderivedactivity" BOOLEAN NULL,
	"caption" VARCHAR_IGNORECASE(2147483647) NULL,
	"ismigrationactivity" BOOLEAN NULL,
	PRIMARY KEY("id"));
INSERT INTO "mendixsystem$entity" ("id", 
"entity_name", 
"table_name", 
"remote", 
"remote_primary_key")
 VALUES ('8ac1e90e-718e-4aba-9942-59820582d7a7', 
'System.WorkflowActivity', 
'system$workflowactivity', 
false, 
false);
INSERT INTO "mendixsystem$attribute" ("id", 
"entity_id", 
"attribute_name", 
"column_name", 
"type", 
"length", 
"default_value", 
"is_auto_number")
 VALUES ('a6c24a55-ddfd-4de5-97ab-de47975344ab', 
'8ac1e90e-718e-4aba-9942-59820582d7a7', 
'ModelGUID', 
'modelguid', 
30, 
36, 
'', 
false);
INSERT INTO "mendixsystem$attribute" ("id", 
"entity_id", 
"attribute_name", 
"column_name", 
"type", 
"length", 
"default_value", 
"is_auto_number")
 VALUES ('5bae87bd-61a4-4506-9b54-866a31ad55e5', 
'8ac1e90e-718e-4aba-9942-59820582d7a7', 
'ActivityGUID', 
'activityguid', 
30, 
36, 
'', 
false);
INSERT INTO "mendixsystem$attribute" ("id", 
"entity_id", 
"attribute_name", 
"column_name", 
"type", 
"length", 
"default_value", 
"is_auto_number")
 VALUES ('8e4dcab8-f365-43da-93b6-e2c7902a8066', 
'8ac1e90e-718e-4aba-9942-59820582d7a7', 
'EndTime', 
'endtime', 
20, 
0, 
'', 
false);
INSERT INTO "mendixsystem$attribute" ("id", 
"entity_id", 
"attribute_name", 
"column_name", 
"type", 
"length", 
"default_value", 
"is_auto_number")
 VALUES ('43783f46-4af3-4031-9ee2-3cddcb75709b', 
'8ac1e90e-718e-4aba-9942-59820582d7a7', 
'State', 
'state', 
40, 
9, 
'Started', 
false);
INSERT INTO "mendixsystem$attribute" ("id", 
"entity_id", 
"attribute_name", 
"column_name", 
"type", 
"length", 
"default_value", 
"is_auto_number")
 VALUES ('8ecf2eeb-748c-4740-821e-2db54b2b48d0', 
'8ac1e90e-718e-4aba-9942-59820582d7a7', 
'ActivityHash', 
'activityhash', 
30, 
200, 
'', 
false);
INSERT INTO "mendixsystem$attribute" ("id", 
"entity_id", 
"attribute_name", 
"column_name", 
"type", 
"length", 
"default_value", 
"is_auto_number")
 VALUES ('d75d3e12-a98d-4570-bfb4-4fa5ffc1ba25', 
'8ac1e90e-718e-4aba-9942-59820582d7a7', 
'StartTime', 
'starttime', 
20, 
0, 
'', 
false);
INSERT INTO "mendixsystem$attribute" ("id", 
"entity_id", 
"attribute_name", 
"column_name", 
"type", 
"length", 
"default_value", 
"is_auto_number")
 VALUES ('82d93b15-9bcd-4c91-8e5a-ea86c1fe1e07', 
'8ac1e90e-718e-4aba-9942-59820582d7a7', 
'Error', 
'error', 
30, 
0, 
'', 
false);
INSERT INTO "mendixsystem$attribute" ("id", 
"entity_id", 
"attribute_name", 
"column_name", 
"type", 
"length", 
"default_value", 
"is_auto_number")
 VALUES ('948dc02b-e5a9-4cc7-aa12-4d6f49b43118', 
'8ac1e90e-718e-4aba-9942-59820582d7a7', 
'IsDerivedActivity', 
'isderivedactivity', 
10, 
0, 
'false', 
false);
INSERT INTO "mendixsystem$attribute" ("id", 
"entity_id", 
"attribute_name", 
"column_name", 
"type", 
"length", 
"default_value", 
"is_auto_number")
 VALUES ('bb8781a0-022c-4595-b92c-c2d5e4ba935c', 
'8ac1e90e-718e-4aba-9942-59820582d7a7', 
'Caption', 
'caption', 
30, 
0, 
'', 
false);
INSERT INTO "mendixsystem$attribute" ("id", 
"entity_id", 
"attribute_name", 
"column_name", 
"type", 
"length", 
"default_value", 
"is_auto_number")
 VALUES ('3147d932-ecfc-4ee8-880a-e3fbdf319c57', 
'8ac1e90e-718e-4aba-9942-59820582d7a7', 
'IsMigrationActivity', 
'ismigrationactivity', 
10, 
0, 
'false', 
false);
CREATE TABLE "system$workflowactivity_workflowinstance" (
	"system$workflowactivityid" BIGINT NOT NULL,
	"system$workflowinstanceid" BIGINT NOT NULL,
	PRIMARY KEY("system$workflowactivityid","system$workflowinstanceid"),
	CONSTRAINT "uniq_system$workflowactivity_workflowinstance_system$workflowactivityid" UNIQUE ("system$workflowactivityid"));
CREATE INDEX "idx_system$workflowactivity_workflowinstance_system$workflowinstance_system$workflowactivity" ON "system$workflowactivity_workflowinstance" ("system$workflowinstanceid" ASC,"system$workflowactivityid" ASC);
INSERT INTO "mendixsystem$association" ("id", 
"association_name", 
"table_name", 
"parent_entity_id", 
"child_entity_id", 
"parent_column_name", 
"child_column_name", 
"index_name")
 VALUES ('6ba49c71-58f8-4365-b8ad-4ee9e91c9fb3', 
'System.WorkflowActivity_WorkflowInstance', 
'system$workflowactivity_workflowinstance', 
'8ac1e90e-718e-4aba-9942-59820582d7a7', 
'0bdec1c4-0500-467e-a6f7-5ad52fda4db4', 
'system$workflowactivityid', 
'system$workflowinstanceid', 
'idx_system$workflowactivity_workflowinstance_system$workflowinstance_system$workflowactivity');
INSERT INTO "mendixsystem$unique_constraint" ("name", 
"table_id", 
"column_id")
 VALUES ('uniq_system$workflowactivity_workflowinstance_system$workflowactivityid', 
'6ba49c71-58f8-4365-b8ad-4ee9e91c9fb3', 
'a56a1bfd-8cbc-3d73-a31e-60db73e990ee');
CREATE TABLE "system$workflowactivity_workflowversion" (
	"system$workflowactivityid" BIGINT NOT NULL,
	"system$workflowversionid" BIGINT NOT NULL,
	PRIMARY KEY("system$workflowactivityid","system$workflowversionid"),
	CONSTRAINT "uniq_system$workflowactivity_workflowversion_system$workflowactivityid" UNIQUE ("system$workflowactivityid"));
CREATE INDEX "idx_system$workflowactivity_workflowversion_system$workflowversion_system$workflowactivity" ON "system$workflowactivity_workflowversion" ("system$workflowversionid" ASC,"system$workflowactivityid" ASC);
INSERT INTO "mendixsystem$association" ("id", 
"association_name", 
"table_name", 
"parent_entity_id", 
"child_entity_id", 
"parent_column_name", 
"child_column_name", 
"index_name")
 VALUES ('5964a126-1afb-47ba-9cd2-2010342af482', 
'System.WorkflowActivity_WorkflowVersion', 
'system$workflowactivity_workflowversion', 
'8ac1e90e-718e-4aba-9942-59820582d7a7', 
'06501a2e-a29e-4e42-bb99-3b45be716079', 
'system$workflowactivityid', 
'system$workflowversionid', 
'idx_system$workflowactivity_workflowversion_system$workflowversion_system$workflowactivity');
INSERT INTO "mendixsystem$unique_constraint" ("name", 
"table_id", 
"column_id")
 VALUES ('uniq_system$workflowactivity_workflowversion_system$workflowactivityid', 
'5964a126-1afb-47ba-9cd2-2010342af482', 
'0ae270ec-5539-35e0-adfc-983de2afae66');
CREATE TABLE "system$workflowactivity_previousactivity" (
	"system$workflowactivityid1" BIGINT NOT NULL,
	"system$workflowactivityid2" BIGINT NOT NULL,
	PRIMARY KEY("system$workflowactivityid1","system$workflowactivityid2"));
CREATE INDEX "idx_system$workflowactivity_previousactivity_system$workflowactivity_system$workflowactivity" ON "system$workflowactivity_previousactivity" ("system$workflowactivityid2" ASC,"system$workflowactivityid1" ASC);
INSERT INTO "mendixsystem$association" ("id", 
"association_name", 
"table_name", 
"parent_entity_id", 
"child_entity_id", 
"parent_column_name", 
"child_column_name", 
"index_name")
 VALUES ('6d9fa67c-cf0d-4b55-a923-eebe0b23b2b1', 
'System.WorkflowActivity_PreviousActivity', 
'system$workflowactivity_previousactivity', 
'8ac1e90e-718e-4aba-9942-59820582d7a7', 
'8ac1e90e-718e-4aba-9942-59820582d7a7', 
'system$workflowactivityid1', 
'system$workflowactivityid2', 
'idx_system$workflowactivity_previousactivity_system$workflowactivity_system$workflowactivity');
CREATE TABLE "system$workflowactivity_taskinstance" (
	"system$workflowactivityid" BIGINT NOT NULL,
	"system$workflowtaskinstanceid" BIGINT NOT NULL,
	PRIMARY KEY("system$workflowactivityid","system$workflowtaskinstanceid"),
	CONSTRAINT "uniq_system$workflowactivity_taskinstance_system$workflowactivityid" UNIQUE ("system$workflowactivityid"));
CREATE INDEX "idx_system$workflowactivity_taskinstance_system$workflowtaskinstance_system$workflowactivity" ON "system$workflowactivity_taskinstance" ("system$workflowtaskinstanceid" ASC,"system$workflowactivityid" ASC);
INSERT INTO "mendixsystem$association" ("id", 
"association_name", 
"table_name", 
"parent_entity_id", 
"child_entity_id", 
"parent_column_name", 
"child_column_name", 
"index_name")
 VALUES ('d54e6b5d-03dd-4ead-9c40-55e25519fa60', 
'System.WorkflowActivity_TaskInstance', 
'system$workflowactivity_taskinstance', 
'8ac1e90e-718e-4aba-9942-59820582d7a7', 
'7f3cb3af-a16f-4cfd-b738-b2f3a8535ecb', 
'system$workflowactivityid', 
'system$workflowtaskinstanceid', 
'idx_system$workflowactivity_taskinstance_system$workflowtaskinstance_system$workflowactivity');
INSERT INTO "mendixsystem$unique_constraint" ("name", 
"table_id", 
"column_id")
 VALUES ('uniq_system$workflowactivity_taskinstance_system$workflowactivityid', 
'd54e6b5d-03dd-4ead-9c40-55e25519fa60', 
'3996d740-8ad5-3d04-ab9b-a57fc9cfe723');
CREATE TABLE "system$processedqueuetask" (
	"id" BIGINT NOT NULL,
	"status" VARCHAR_IGNORECASE(12) NULL,
	"started" TIMESTAMP NULL,
	"retried" BIGINT NULL,
	"arguments" VARCHAR_IGNORECASE(2147483647) NULL,
	"queueid" VARCHAR_IGNORECASE(36) NULL,
	"sequence" BIGINT NULL,
	"created" TIMESTAMP NULL,
	"microflowname" VARCHAR_IGNORECASE(200) NULL,
	"useractionname" VARCHAR_IGNORECASE(200) NULL,
	"xasid" VARCHAR_IGNORECASE(50) NULL,
	"threadid" BIGINT NULL,
	"errormessage" VARCHAR_IGNORECASE(2147483647) NULL,
	"queuename" VARCHAR_IGNORECASE(200) NULL,
	PRIMARY KEY("id"));
INSERT INTO "mendixsystem$entity" ("id", 
"entity_name", 
"table_name", 
"remote", 
"remote_primary_key")
 VALUES ('eb5c32a1-85ec-49d1-8bca-ecca779cd539', 
'System.ProcessedQueueTask', 
'system$processedqueuetask', 
false, 
false);
INSERT INTO "mendixsystem$attribute" ("id", 
"entity_id", 
"attribute_name", 
"column_name", 
"type", 
"length", 
"default_value", 
"is_auto_number")
 VALUES ('6609f51d-d19f-49df-92d8-582e78e55ba0', 
'eb5c32a1-85ec-49d1-8bca-ecca779cd539', 
'Status', 
'status', 
40, 
12, 
'', 
false);
INSERT INTO "mendixsystem$attribute" ("id", 
"entity_id", 
"attribute_name", 
"column_name", 
"type", 
"length", 
"default_value", 
"is_auto_number")
 VALUES ('3023edea-95d3-4a8b-84e3-32a749729400', 
'eb5c32a1-85ec-49d1-8bca-ecca779cd539', 
'Started', 
'started', 
20, 
0, 
'', 
false);
INSERT INTO "mendixsystem$attribute" ("id", 
"entity_id", 
"attribute_name", 
"column_name", 
"type", 
"length", 
"default_value", 
"is_auto_number")
 VALUES ('7627493b-b7d4-4afa-99e7-5957889ed081', 
'eb5c32a1-85ec-49d1-8bca-ecca779cd539', 
'Retried', 
'retried', 
4, 
0, 
'', 
false);
INSERT INTO "mendixsystem$attribute" ("id", 
"entity_id", 
"attribute_name", 
"column_name", 
"type", 
"length", 
"default_value", 
"is_auto_number")
 VALUES ('e6f7a526-84ed-4f4e-8d32-d49d79dd5174', 
'eb5c32a1-85ec-49d1-8bca-ecca779cd539', 
'Arguments', 
'arguments', 
30, 
0, 
'', 
false);
INSERT INTO "mendixsystem$attribute" ("id", 
"entity_id", 
"attribute_name", 
"column_name", 
"type", 
"length", 
"default_value", 
"is_auto_number")
 VALUES ('6c8ea01f-faf8-40dd-8b81-297fbe14cda4', 
'eb5c32a1-85ec-49d1-8bca-ecca779cd539', 
'QueueId', 
'queueid', 
30, 
36, 
'', 
false);
INSERT INTO "mendixsystem$attribute" ("id", 
"entity_id", 
"attribute_name", 
"column_name", 
"type", 
"length", 
"default_value", 
"is_auto_number")
 VALUES ('a1c19d5b-0798-452a-b8d9-4f60e684cc1b', 
'eb5c32a1-85ec-49d1-8bca-ecca779cd539', 
'Sequence', 
'sequence', 
4, 
0, 
'', 
false);
INSERT INTO "mendixsystem$attribute" ("id", 
"entity_id", 
"attribute_name", 
"column_name", 
"type", 
"length", 
"default_value", 
"is_auto_number")
 VALUES ('6c24f3a3-6473-4a2b-8a93-fca27764f394', 
'eb5c32a1-85ec-49d1-8bca-ecca779cd539', 
'Created', 
'created', 
20, 
0, 
'', 
false);
INSERT INTO "mendixsystem$attribute" ("id", 
"entity_id", 
"attribute_name", 
"column_name", 
"type", 
"length", 
"default_value", 
"is_auto_number")
 VALUES ('2fc91d80-70d3-4868-9332-142b1f447888', 
'eb5c32a1-85ec-49d1-8bca-ecca779cd539', 
'MicroflowName', 
'microflowname', 
30, 
200, 
'', 
false);
INSERT INTO "mendixsystem$attribute" ("id", 
"entity_id", 
"attribute_name", 
"column_name", 
"type", 
"length", 
"default_value", 
"is_auto_number")
 VALUES ('c891eb17-76d6-4600-a96f-b02ef10aa921', 
'eb5c32a1-85ec-49d1-8bca-ecca779cd539', 
'UserActionName', 
'useractionname', 
30, 
200, 
'', 
false);
INSERT INTO "mendixsystem$attribute" ("id", 
"entity_id", 
"attribute_name", 
"column_name", 
"type", 
"length", 
"default_value", 
"is_auto_number")
 VALUES ('e7792091-da19-4946-a07d-b11f857c4d1d', 
'eb5c32a1-85ec-49d1-8bca-ecca779cd539', 
'XASId', 
'xasid', 
30, 
50, 
'', 
false);
INSERT INTO "mendixsystem$attribute" ("id", 
"entity_id", 
"attribute_name", 
"column_name", 
"type", 
"length", 
"default_value", 
"is_auto_number")
 VALUES ('09951e9a-b362-499d-bf7c-68300a314110', 
'eb5c32a1-85ec-49d1-8bca-ecca779cd539', 
'ThreadId', 
'threadid', 
4, 
0, 
'', 
false);
INSERT INTO "mendixsystem$attribute" ("id", 
"entity_id", 
"attribute_name", 
"column_name", 
"type", 
"length", 
"default_value", 
"is_auto_number")
 VALUES ('73d41075-6c63-4c64-92e3-ce264ddabe59', 
'eb5c32a1-85ec-49d1-8bca-ecca779cd539', 
'ErrorMessage', 
'errormessage', 
30, 
0, 
'', 
false);
INSERT INTO "mendixsystem$attribute" ("id", 
"entity_id", 
"attribute_name", 
"column_name", 
"type", 
"length", 
"default_value", 
"is_auto_number")
 VALUES ('354f1eb1-13a0-4bc4-8fdf-0faad10e2b81', 
'eb5c32a1-85ec-49d1-8bca-ecca779cd539', 
'QueueName', 
'queuename', 
30, 
200, 
'', 
false);
CREATE TABLE "system$workflowsystemtask" (
	"id" BIGINT NOT NULL,
	PRIMARY KEY("id"));
INSERT INTO "mendixsystem$entity" ("id", 
"entity_name", 
"table_name", 
"superentity_id", 
"remote", 
"remote_primary_key")
 VALUES ('4153f6f9-12c8-4327-b48b-76d7d3398d2d', 
'System.WorkflowSystemTask', 
'system$workflowsystemtask', 
'7f3cb3af-a16f-4cfd-b738-b2f3a8535ecb', 
false, 
false);
CREATE TABLE "system$workflowusertask" (
	"id" BIGINT NOT NULL,
	"taskdescription" VARCHAR_IGNORECASE(2147483647) NULL,
	"taskname" VARCHAR_IGNORECASE(2147483647) NULL,
	"duedate" TIMESTAMP NULL,
	PRIMARY KEY("id"));
INSERT INTO "mendixsystem$entity" ("id", 
"entity_name", 
"table_name", 
"superentity_id", 
"remote", 
"remote_primary_key")
 VALUES ('8a736dc8-91c1-48fd-bc12-57920ea8f046', 
'System.WorkflowUserTask', 
'system$workflowusertask', 
'7f3cb3af-a16f-4cfd-b738-b2f3a8535ecb', 
false, 
false);
INSERT INTO "mendixsystem$attribute" ("id", 
"entity_id", 
"attribute_name", 
"column_name", 
"type", 
"length", 
"default_value", 
"is_auto_number")
 VALUES ('d840c288-d30e-48e2-8bee-fcf62ea9902d', 
'8a736dc8-91c1-48fd-bc12-57920ea8f046', 
'TaskDescription', 
'taskdescription', 
30, 
0, 
'', 
false);
INSERT INTO "mendixsystem$attribute" ("id", 
"entity_id", 
"attribute_name", 
"column_name", 
"type", 
"length", 
"default_value", 
"is_auto_number")
 VALUES ('8771c332-0ea1-4e39-a1c0-684064f557bd', 
'8a736dc8-91c1-48fd-bc12-57920ea8f046', 
'TaskName', 
'taskname', 
30, 
0, 
'', 
false);
INSERT INTO "mendixsystem$attribute" ("id", 
"entity_id", 
"attribute_name", 
"column_name", 
"type", 
"length", 
"default_value", 
"is_auto_number")
 VALUES ('210a92da-d65b-416c-b4c0-82f26ecdf31a', 
'8a736dc8-91c1-48fd-bc12-57920ea8f046', 
'DueDate', 
'duedate', 
20, 
0, 
'', 
false);
CREATE TABLE "system$workflowusertask_assignee" (
	"system$workflowusertaskid" BIGINT NOT NULL,
	"system$userid" BIGINT NOT NULL,
	PRIMARY KEY("system$workflowusertaskid","system$userid"),
	CONSTRAINT "uniq_system$workflowusertask_assignee_system$workflowusertaskid" UNIQUE ("system$workflowusertaskid"));
CREATE INDEX "idx_system$workflowusertask_assignee_system$user_system$workflowusertask" ON "system$workflowusertask_assignee" ("system$userid" ASC,"system$workflowusertaskid" ASC);
INSERT INTO "mendixsystem$association" ("id", 
"association_name", 
"table_name", 
"parent_entity_id", 
"child_entity_id", 
"parent_column_name", 
"child_column_name", 
"index_name")
 VALUES ('f52506ee-39e6-454c-8a8f-0beab98223b7', 
'System.WorkflowUserTask_Assignee', 
'system$workflowusertask_assignee', 
'8a736dc8-91c1-48fd-bc12-57920ea8f046', 
'282e2e60-88a5-469d-84a5-ba8d9151644f', 
'system$workflowusertaskid', 
'system$userid', 
'idx_system$workflowusertask_assignee_system$user_system$workflowusertask');
INSERT INTO "mendixsystem$unique_constraint" ("name", 
"table_id", 
"column_id")
 VALUES ('uniq_system$workflowusertask_assignee_system$workflowusertaskid', 
'f52506ee-39e6-454c-8a8f-0beab98223b7', 
'1182844d-d422-3c3d-b80c-b5698cdc41e6');
CREATE TABLE "system$workflowusertask_targetusers" (
	"system$workflowusertaskid" BIGINT NOT NULL,
	"system$userid" BIGINT NOT NULL,
	PRIMARY KEY("system$workflowusertaskid","system$userid"));
CREATE INDEX "idx_system$workflowusertask_targetusers_system$user_system$workflowusertask" ON "system$workflowusertask_targetusers" ("system$userid" ASC,"system$workflowusertaskid" ASC);
INSERT INTO "mendixsystem$association" ("id", 
"association_name", 
"table_name", 
"parent_entity_id", 
"child_entity_id", 
"parent_column_name", 
"child_column_name", 
"index_name")
 VALUES ('a2383b0d-9ccd-44d6-9491-a01283393297', 
'System.WorkflowUserTask_TargetUsers', 
'system$workflowusertask_targetusers', 
'8a736dc8-91c1-48fd-bc12-57920ea8f046', 
'282e2e60-88a5-469d-84a5-ba8d9151644f', 
'system$workflowusertaskid', 
'system$userid', 
'idx_system$workflowusertask_targetusers_system$user_system$workflowusertask');
UPDATE "mendixsystem$version"
 SET "versionnumber" = '4.2', 
"lastsyncdate" = '20210906 11:45:55';
